city,state,event,summary,articel_url,source,date-of-event,event-picture-caption,event-picture-link,lat,lon
Asheville,North Carolina,Flooding,The mountain town of Asheville was largely cut off due to flooding with supplies being airlifted to residents.,https://www.bbc.co.uk/news/articles/czd13mezz7mo,BBC News,2024-09-23,Flooding in Asheville North Carolina,https://ichef.bbci.co.uk/news/480/cpsprodpb/2fb4/live/29a520b0-7d2e-11ef-abc6-3bdcb7459e60.jpg.webp,35.5951,-82.5515
Tennessee,Tennessee,Flooding,58 patients and staff were left stranded on the roof of a hospital in the city of Erwin due to flooding and were later rescued by helicopters.,https://www.bbc.co.uk/news/articles/czd13mezz7mo,BBC News,2024-09-23,Flooding in Tennessee,https://ichef.bbci.co.uk/news/480/cpsprodpb/fc61/live/9aa4c660-7d8f-11ef-b66d-034eed51208d.png.webp,35.8667,-86.6333
Florida,Florida,Flooding,At least 8 people have died in Florida since Friday including at least 5 people in the coastal Pinellas County.,https://www.bbc.co.uk/news/articles/czd13mezz7mo,BBC News,2024-09-23,Flooding in Florida,https://ichef.bbci.co.uk/news/480/cpsprodpb/8e0e/live/a068e010-7d2e-11ef-8108-311820a0bb34.jpg.webp,27.6648,-81.5158
Georgia,Georgia,Flooding,At least 15 people have died in Georgia including a first responder and 1000 National Guard troops have been deployed to help with rescue efforts.,https://www.bbc.co.uk/news/articles/czd13mezz7mo,BBC News,2024-09-23,Flooding in Georgia,https://ichef.bbci.co.uk/news/480/cpsprodpb/fc61/live/9aa4c660-7d8f-11ef-b66d-034eed51208d.png.webp,33.7489,-84.3879
South Carolina,South Carolina,Flooding,At least 17 people have been killed in South Carolina.,https://www.bbc.co.uk/news/articles/czd13mezz7mo,BBC News,2024-09-23,Flooding in South Carolina,https://ichef.bbci.co.uk/news/480/cpsprodpb/fc61/live/9aa4c660-7d8f-11ef-b66d-034eed51208d.png.webp,33.8361,-81.1637
North Carolina,North Carolina,Flooding,At least 7 people have died in North Carolina and more than 100 rescues have taken place.,https://www.bbc.co.uk/news/articles/czd13mezz7mo,BBC News,2024-09-23,Flooding in North Carolina,https://ichef.bbci.co.uk/news/480/cpsprodpb/2fb4/live/29a520b0-7d2e-11ef-abc6-3bdcb7459e60.jpg.webp,35.7596,-78.6382
Virginia,Virginia,Flooding,At least 1 person has died in Virginia.,https://www.bbc.co.uk/news/articles/czd13mezz7mo,BBC News,2024-09-23,Flooding in Virginia,https://ichef.bbci.co.uk/news/480/cpsprodpb/fc61/live/9aa4c660-7d8f-11ef-b66d-034eed51208d.png.webp,37.7749,-77.4753
Tallahassee,Florida,Hurricane Helene,Hurricane Helene is expected to make landfall in the Big Bend region of Florida posing a 'nightmare surge scenario for Apalachee Bay.' The storm's center is forecast to make landfall late Thursday or early Friday morning with sustained winds of 105 mph and a large wind field that will bring impacts across much of the state.,https://www.bostonherald.com/2024/09/25/hurricane-helene-florida-warnings-landfall/,Boston Herald,2024-09-25,Jerry McCullen top of ladder left and Carson Baze top of ladder right put plywood over the windows of a house ahead of Hurricane Helene in Alligator Point Fla.,https://www.bostonherald.com/wp-content/uploads/2024/09/5wedtropics-e1727261160664.png,30.4518,-84.2727
Alligator Point,Florida,Hurricane Helene,Residents in Alligator Point Florida are preparing for the arrival of Hurricane Helene with some boarding up their homes and others evacuating the area.,https://www.bostonherald.com/2024/09/25/hurricane-helene-florida-warnings-landfall/,Boston Herald,2024-09-25,Paulette McLin takes in the scene outside their summer home ahead of Hurricane Helene in Alligator Point Fla.,https://www.bostonherald.com/wp-content/uploads/2024/09/5wedtropics-e1727261160664.png,29.8953,-84.3844
Fort Lauderdale,Florida,Hurricane Helene,Parts of South Florida including Fort Lauderdale recorded wind gusts as high as 55 mph Wednesday night and one reported gust early Thursday at 64 mph as Helene's strong outer bands began to move through the region.,https://www.bostonherald.com/2024/09/25/hurricane-helene-florida-warnings-landfall/,Boston Herald,2024-09-25,A traffic advisory sign on westbound S.R. 408 near downtown Orlando Fla. informs commuters of the approaching Hurricane Helene.,https://www.bostonherald.com/wp-content/uploads/2024/09/5wedtropics-e1727261160664.png,26.1223,-80.1377
Siesta Key,Florida,Flooding,Water lapped over a road in Siesta Key near Sarasota and covered some intersections in St. Pete Beach.,https://www.cnbc.com/2024/09/25/helene-makes-landfall-in-northwestern-florida-as-a-category-4-hurricane.html,CNBC,2024-09-26,Flooding in Siesta Key,https://static-redesign.cnbcfm.com/dist/2469ed0a9a4cafdf055e.svg,27.2739,-82.5467
St. Pete Beach,Florida,Flooding,The Gulf of Mexico's water pushes up against the beach as Hurricane Helene churns offshore.,https://www.cnbc.com/2024/09/25/helene-makes-landfall-in-northwestern-florida-as-a-category-4-hurricane.html,CNBC,2024-09-26,Flooding in St. Pete Beach,https://static-redesign.cnbcfm.com/dist/2469ed0a9a4cafdf055e.svg,27.7233,-82.7433
Valdosta,Georgia,Heavy Rain,Heavy rains began falling and winds were picking up earlier Thursday in Valdosta Georgia near the Florida state line.,https://www.cnbc.com/2024/09/25/helene-makes-landfall-in-northwestern-florida-as-a-category-4-hurricane.html,CNBC,2024-09-26,Heavy Rain in Valdosta,https://static-redesign.cnbcfm.com/dist/2469ed0a9a4cafdf055e.svg,30.8483,-83.2785
Wheeler County,Georgia,Tornado,Two people were killed when a possible tornado struck a mobile home on Thursday night Wheeler County Sheriff Randy Rigdon told WMAZ-TV.,https://www.cnbc.com/2024/09/25/helene-makes-landfall-in-northwestern-florida-as-a-category-4-hurricane.html,CNBC,2024-09-26,Tornado in Wheeler County,https://static-redesign.cnbcfm.com/dist/2469ed0a9a4cafdf055e.svg,32.0833,-82.7167
Panacea,Florida,Flooding,Anthony Godwin 20 who lives about a half-mile from the water in the coastal town of Panacea stopped for gas before heading west toward his sister's house in Pensacola.,https://www.cnbc.com/2024/09/25/helene-makes-landfall-in-northwestern-florida-as-a-category-4-hurricane.html,CNBC,2024-09-26,Flooding in Panacea,https://static-redesign.cnbcfm.com/dist/2469ed0a9a4cafdf055e.svg,29.9833,-84.3833
Cancun,Mexico,Hurricane,Hurricane Helene is expected to hit Mexico and its beaches. A Hurricane Warning is in effect for Cabo Catoche to Tulum Mexico including Cozumel. Helene is expected to produce total rain accumulations of 4 to 8 inches over western Cuba the Cayman Islands and the northeast Yucatan Peninsula with isolated totals around 12 inches bringing a risk of considerable flooding.,https://www.usatoday.com/story/news/weather/2024/09/25/hurricane-helene-path-cancun-mexico-beaches/75375217007/,USA TODAY,2024-09-25,Hurricane Helene path,https://www.usatoday.com/gcdn/authoring/authoring-images/2024/09/25/USAT/75376717007-094338-5-day-cone-no-line-and-wind-1.png,21.1743,-86.8466
Tallahassee,Florida,Hurricane,Hurricane Helene is expected to make landfall in Florida with over 40 million people in three US states currently under storm warnings. The storm is expected to produce a 15 foot (4.6 meter) rise in the sea level due to storm conditions with 15 inches (38.1 centimeters) of rain foreseen for some parts of the region.,https://p.dw.com/p/4l4hK,DW,2024-09-25,Tropical Storm Helene was upgraded to hurricane status as it passed over the Gulf of Mexico,https://www.dw.com/image/63714337_404.jpg,30.4513,-84.2727
Sarasota,Florida,Evacuation,Numerous evacuations are being ordered along Florida's Gulf coast including in the counties of Sarasota and Charlotte. Dozens of other counties in the US' southeastern-most state announced school closures due to hurricane and tropical storm warnings.,https://p.dw.com/p/4l4hK,DW,2024-09-25,People in Florida filled up sandbags on Wednesday ahead of Helene's predicted arrival the next day,https://www.dw.com/image/63714338_404.jpg,27.3364,-82.5387
Pinellas County,Florida,Evacuation,Officials in Pinellas County which lies on a peninsula surrounded by the Tampa Bay and the Gulf of Mexico ordered evacuations of long-term healthcare facilities including nursing homes assisted living centers and hospitals near the coast.,https://p.dw.com/p/4l4hK,DW,2024-09-25,Florida Governor Ron DeSantis said in a Tuesday press briefing that residents should prepare and review their hurricane plan,https://www.dw.com/image/63714339_404.jpg,27.9142,-82.7750
Orlando,Florida,Hurricane,Hurricane Helene is expected to make landfall in Florida on Thursday evening with tropical storm conditions expected in southern and eastern parts of the state. Disney World has announced that Typhoon Lagoon will be closed on Thursday September 26th.,https://allears.net/2024/09/25/hurricane-helene-to-make-landfall-in-florida-thursday-evening/,AllEars.Net,2024-09-26,Hurricane Helene,https://allears.net/wp-content/uploads/2024/09/nhc-noaa-2024-hurricane-helene-pathway-projection-cone-700x438.png,28.5384,-81.3789
Florida,Florida,Hurricane,Hurricane Helene has quickly intensified into a massive Category 4 storm with hurricane-force winds extending up to 60 miles outward from the eye. Forecasters warn that Helene could be deadly for those living in coastal Florida where itâ€™s expected to make landfall this evening.,https://www.vox.com/climate/374794/helene-flooding-hurricane-asheville-carolina,Vox,2024-09-26,An NOAA satellite image from early Thursday morning shows Hurricane Helene approaching the Florida coast.,https://platform.vox.com/wp-content/uploads/sites/2/2024/09/Helene-NOAA.jpg?quality=90&strip=all&crop=3.2797567332754%2C0%2C93.440486533449%2C100&w=2400,27.6648,-81.5158
Panama City,Florida,Hurricane Helene,Hurricane Helene is forecast to track along Florida's Gulf coast late Wednesday and into Thursday as a large storm with widespread impacts. The shoreline and waterways are vulnerable to storm surge.,https://www.bostonherald.com/2024/09/25/live-webcams-florida-hurricane-helene/,Boston Herald,2024-09-25,Live webcams show Hurricane Helene's impacts on Florida coast,https://www.bostonherald.com/wp-content/uploads/2024/09/Screen-Shot-2024-09-25-at-12.50.34-PM.png,30.1581,-85.6603
Orlando,Florida,Hurricane Helene,Hurricane Helene is set to make landfall in Florida causing Disney's Typhoon Lagoon and miniature golf courses to close on September 26th. The rest of Disney World is operating with regular hours but this could change as the hurricane progresses.,https://allears.net/2024/09/25/hurricane-helene-forces-closure-of-disneys-typhoon-lagoon/,AllEars.Net,2024-09-26,Typhoon Lagoon,https://allears.net/wp-content/uploads/2022/01/wdw-2021-typhoon-lagoon-water-park-stock-general-atmosphere-tilly-boat-shipwreck-4.jpg,28.5384,-81.3789
Tampa,Florida,Hurricane,Helene is expected to make landfall as a Category 4 hurricane with maximum sustained winds of 209km/h (130mph). The storm is anticipated to be unusually large and fast-moving meaning storm surges wind and rain will likely extend several hundred kilometres from the storm's centre.,https://www.aljazeera.com/news/2024/09/25/florida-braces-major-hurricane-helene-strengthening-rapidly,Al Jazeera,2024-09-25,Tropical Storm Helene off the Gulf Coast of Florida near Mexico and Cuba on September 24 2024,https://www.aljazeera.com/wp-content/uploads/2024/09/AP24268840169681-1727277102.jpg,27.9703,-82.4572
Cayman Islands,,Power Outage,The strong winds knocked out power in the Cayman Islands where heavy rain and waves reached as high as three metres (10 feet).,https://www.aljazeera.com/news/2024/09/25/florida-braces-major-hurricane-helene-strengthening-rapidly,Al Jazeera,2024-09-25,,,19.3000,-81.4000
Havana,Cuba,Storm Surge,Many in Cuba worried about the storm whose outer bands are expected to reach the capital of Havana which is already struggling with chronic power outages.,https://www.aljazeera.com/news/2024/09/25/florida-braces-major-hurricane-helene-strengthening-rapidly,Al Jazeera,2024-09-25,,,23.1333,-82.3833
Ochlockonee Bay,Florida,Evacuation,Some residents along the Gulf Coast in Florida's Panhandle are already evacuating to safer areas inland with memories still fresh of recent storm surge events.,https://www.aljazeera.com/news/2024/09/25/florida-braces-major-hurricane-helene-strengthening-rapidly,Al Jazeera,2024-09-25,Dave McCurley boards up the windows to his home in advance of Tropical Storm Helene expected to make landfall as a hurricane in Ochlockonee Bay Florida Wednesday September 25 2024,https://www.aljazeera.com/wp-content/uploads/2024/09/AP24269475303370-1727276909.jpg,30.0667,-84.0667
Florida,Florida,Flooding,Hurricane Helene is expected to bring life-threatening storm surge damaging winds and flooding rains to a large portion of Florida and the southeast U.S.,https://www.space.com/hurricane-helene-storm-september-2024,Space.com,2024-09-26,Satellite footage of the hurricane moving toward Florida.,https://cdn.mos.cms.futurecdn.net/xFwpjbYnshXHoAiKwKurEP.gif,27.6648,-81.5158
Albany,Georgia,Winds,A user in Albany GA reported waiting out the storm with 2 inches of rain so far and the storm still 250 miles south of them.,https://www.space.com/hurricane-helene-storm-september-2024,Space.com,2024-09-26,A map showing where the hurricane warning is in effect.,https://cdn.mos.cms.futurecdn.net/vKmHCLHyD2ZpVRJv9WCTZW-320-80.png,31.5785,-84.1557
Orlando,Florida,Hurricane Helene,Hurricane Helene is forecasted to strike Florida as a major Category 3 hurricane. Walt Disney World has announced closures cancellations and adjustments as a result of the storm.,https://www.disneytouristblog.com/disney-world-closures-cancellations-impacts-for-hurricane-helene/,Disney Tourist Blog,2024-09-26,Hurricane Helene,https://www.disneytouristblog.com/wp-content/uploads/2024/09/tropical-storm-helene-hurricane-major-disney-world-5.png,28.5383,-81.3792
Orlando,Florida,Typhoon Lagoon Closure,Typhoon Lagoon water park will be closed on September 26 2024 due to inclement weather.,https://www.disneytouristblog.com/disney-world-closures-cancellations-impacts-for-hurricane-helene/,Disney Tourist Blog,2024-09-26,Typhoon Lagoon,https://www.disneytouristblog.com/wp-content/uploads/2023/01/typhoon-lagoon-moonlight-magic-dvc-party-disney-world-1413.jpg,28.5383,-81.3792
Orlando,Florida,Mickey's Not So Scary Halloween Party Cancellation,The Mickey's Not So Scary Halloween Party happening the night of September 26 2024 at Magic Kingdom has been cancelled.,https://www.disneytouristblog.com/disney-world-closures-cancellations-impacts-for-hurricane-helene/,Disney Tourist Blog,2024-09-26,Mickey's Not So Scary Halloween Party,https://www.disneytouristblog.com/wp-content/uploads/2022/08/parade-mickeys-not-so-scary-halloween-party-disney-world-221.jpg,28.5383,-81.3792
Orlando,Florida,Universal Orlando Resort Closures,Universal Orlando Resort is making operational changes for Thursday September 26 2024 including the cancellation of Halloween Horror Nights and the closure of Universal Volcano Bay.,https://www.disneytouristblog.com/disney-world-closures-cancellations-impacts-for-hurricane-helene/,Disney Tourist Blog,2024-09-26,Universal Orlando Resort,https://www.disneytouristblog.com/wp-content/uploads/2021/08/halloween-horror-nights-30-universal-studios-florida-orlando-380.jpg,28.5383,-81.3792
Orlando,Florida,Theme park closures,Disney World and Universal Orlando are closing some of their water parks and other attractions due to the approach of Hurricane Helene. Busch Gardens in Tampa Bay has also decided to close for the day.,https://www.cinemablend.com/theme-parks/disney-world-universal-orlando-planning-closures-hurricane-helene-approaches-florida,Cinemablend,2024-09-26,Disney World and Universal Orlando closures due to Hurricane Helene,https://vanilla.futurecdn.net/cyclingnews/media/img/missing-image.svg,28.5384,-81.3789
Pinellas Park,Florida,Preparation,People are preparing for the arrival of Hurricane Helene by filling sandbags at Helen Howarth Park.,https://www.scientificamerican.com/article/category-4-hurricane-helene-will-bring-strong-winds-flash-flooding-and-storm-surge/,Scientific American,2024-09-25,People preparing sandbags ahead of Hurricane Helene landfall,https://static.scientificamerican.com/dam/m/2e1a225e8511e097/original/People_preparing_sandbags.jpg?m=1727394820.302&w=600,27.8539,-82.6993
Big Bend,Florida,Storm Surge,Hurricane Helene is expected to bring storm surges of 15 to 20 feet above ground level in the worst-hit areas of the Big Bend.,https://www.scientificamerican.com/article/category-4-hurricane-helene-will-bring-strong-winds-flash-flooding-and-storm-surge/,Scientific American,2024-09-25,,,29.7500,-84.0000
Southern Appalachians,,Flooding,The areas most likely to be affected by flooding extend northward from the Gulf Coast to the southern Appalachians where the threat will be at its highest.,https://www.scientificamerican.com/article/category-4-hurricane-helene-will-bring-strong-winds-flash-flooding-and-storm-surge/,Scientific American,2024-09-25,,,35.0000,-83.0000
Alligator Point,Florida,Hurricane Helene,Residents of Florida's Gulf Coast prepare for Hurricane Helene. Paulette McLin takes in the scene outside their summer home ahead of Hurricane Helene expected to make landfall Thursday evening.,https://www.bostonherald.com/2024/09/25/floridas-gulf-coast-prepares-for-hurricane-helene-photos/,Boston Herald,2024-09-25,Paulette McLin takes in the scene outside their summer home ahead of Hurricane Helene expected to make landfall Thursday evening in Alligator Point Fla. Wednesday Sept. 25 2024.,https://www.bostonherald.com/wp-content/uploads/2024/09/AP22444414443441.jpg,29.8953,-84.4153
Orlando,Florida,Theme Park Closures,Hurricane Helene has forced Walt Disney World to suspend operations at several resort locations including Typhoon Lagoon Fantasia Gardens and Fairways and Winter Summerland miniature golf courses. Mickey's Not-So-Scary Halloween Party has also been canceled.,https://insidethemagic.net/2024/09/hurricane-helene-disney-world-closures-ad1/,Inside the Magic,2024-09-26,Stormy weather at Magic Kingdom in Disney World,https://insidethemagic.net/wp-content/uploads/2023/10/Untitled-design-73.jpg,28.5384,-81.3789
Tallahassee,Florida,Hurricane,Hurricane Helene could make history in Tallahassee as a Category 3 storm with Vincent Long the Leon County administrator discussing the storm's impact.,https://www.yahoo.com/news/hurricane-helene-could-history-tallahassee-190448488.html,Yahoo News,2024-09-25,Hurricane Helene could make history in Tallahassee,https://s.yimg.com/cv/apiv2/default/20190501/placeholder.gif,30.4518,-84.2727
Tampa,Florida,Airport Closure,Tampa International Airport (TPA) closed on Thursday due to Hurricane Helene but reopened on Friday with some flight cancellations.,https://thepointsguy.com/news/hurricane-helene-travel-impacts/,The Points Guy,2024-09-27,A sign displays evacuation orders as preparations are made for the arrival of Hurricane Helene in Cedar Key Florida,https://thepointsguy.global.ssl.fastly.net/us/originals/2024/09/A-sign-displays-evacuation-orders-as-preparations-are-made-for-the-arrival-of-Hurricane-Helene-in-Cedar-Key-Florida_MIGUEL-J.-RODRIGUEZ-CARRILLOAFP-via-Getty-Images.jpg,27.9793,-82.5373
Atlanta,Georgia,Flight Cancellations,Hartsfield-Jackson Atlanta International Airport (ATL) experienced some flight cancellations due to Hurricane Helene with about 80 flights canceled by 1:45 p.m. Friday.,https://thepointsguy.com/news/hurricane-helene-travel-impacts/,The Points Guy,2024-09-27,A sign displays evacuation orders as preparations are made for the arrival of Hurricane Helene in Cedar Key Florida,https://thepointsguy.global.ssl.fastly.net/us/originals/2024/09/A-sign-displays-evacuation-orders-as-preparations-are-made-for-the-arrival-of-Hurricane-Helene-in-Cedar-Key-Florida_MIGUEL-J.-RODRIGUEZ-CARRILLOAFP-via-Getty-Images.jpg,33.6407,-84.4277
Charlotte,North Carolina,Flight Cancellations,Charlotte Douglas International Airport (CLT) experienced significant flight cancellations due to Hurricane Helene with about 190 departing flights and 205 inbound flights canceled as of Friday afternoon.,https://thepointsguy.com/news/hurricane-helene-travel-impacts/,The Points Guy,2024-09-27,A sign displays evacuation orders as preparations are made for the arrival of Hurricane Helene in Cedar Key Florida,https://thepointsguy.global.ssl.fastly.net/us/originals/2024/09/A-sign-displays-evacuation-orders-as-preparations-are-made-for-the-arrival-of-Hurricane-Helene-in-Cedar-Key-Florida_MIGUEL-J.-RODRIGUEZ-CARRILLOAFP-via-Getty-Images.jpg,35.2207,-80.9493
Orlando,Florida,Theme Park Closures,Some theme parks in the Orlando area including Busch Gardens Tampa Bay and Universal's Volcano Bay water park closed on Thursday due to Hurricane Helene.,https://thepointsguy.com/news/hurricane-helene-travel-impacts/,The Points Guy,2024-09-27,A sign displays evacuation orders as preparations are made for the arrival of Hurricane Helene in Cedar Key Florida,https://thepointsguy.global.ssl.fastly.net/us/originals/2024/09/A-sign-displays-evacuation-orders-as-preparations-are-made-for-the-arrival-of-Hurricane-Helene-in-Cedar-Key-Florida_MIGUEL-J.-RODRIGUEZ-CARRILLOAFP-via-Getty-Images.jpg,28.5384,-81.3789
Apalachicola,Florida,Hurricane Helene,Hurricane Helene is expected to make landfall in Florida's Big Bend region bringing destructive winds heavy rainfall and a life-threatening storm surge. The National Hurricane Center has Helene on a track to develop into a major hurricane.,https://www.npr.org/2024/09/25/1159844111/florida-prepares-for-hurricane-helene,NPR,2024-09-26,Hurricane Helene,,29.7233,-84.9833
Fort Myers Beach,Florida,Hurricane Ian,Hurricane Ian made landfall near Cayo Costa Florida as a Category 4 storm with 150 mph sustained winds and an onslaught of rain and storm surges. The storm had severe impacts on the state's power grid with outages rising to 2.5 million in the state in the days following landfall.,https://abcnews.go.com/US/floridas-gulf-coast-reeling-2022-hurricane-helene-approaches/story?id=113998266,ABC News,2022-09-28,Aerial view of damaged property after Hurricane Ian in Fort Myers Beach Fla.,https://i.abcnewsfe.com/a/1b4a6310-8abb-4dbf-b613-dd3834737be7/Hurricane-Ian-2-gty-jm-240925_1727293713108_hpMain_16x9.jpg,26.4526,-81.9483
Fort Myers,Florida,Hurricane Ian,The city of Fort Myers experienced a 7.26-foot storm surge which became a record high according to the National Oceanic and Atmospheric Administration.,https://abcnews.go.com/US/floridas-gulf-coast-reeling-2022-hurricane-helene-approaches/story?id=113998266,ABC News,2022-09-28,Aerial photo of the damaged Sanibel Causeway that connects Fort Myers to the island community seen in the aftermath of Hurricane Ian in Fort Myers Fla.,https://i.abcnewsfe.com/a/269f6509-c541-4686-b024-9a8e94f3afd0/Hurricane-Ian-3-gty-jm-240925_1727293627660_hpEmbed_3x2.jpg,26.6406,-81.8723
Cayo Costa,Florida,Hurricane Ian,Hurricane Ian made landfall near Cayo Costa Florida as a Category 4 storm with 150 mph sustained winds and an onslaught of rain and storm surges.,https://abcnews.go.com/US/floridas-gulf-coast-reeling-2022-hurricane-helene-approaches/story?id=113998266,ABC News,2022-09-28,Aerial view of damaged property after Hurricane Ian in Fort Myers Beach Fla.,https://i.abcnewsfe.com/a/1b4a6310-8abb-4dbf-b613-dd3834737be7/Hurricane-Ian-2-gty-jm-240925_1727293713108_hpMain_16x9.jpg,26.6653,-82.2453
Perry,Florida,Hurricane Landfall,Hurricane Helene made landfall at around 11:10 p.m. EDT on Thursday near the city of Perry in Florida's Big Bend area.,https://www.forbes.com/sites/maryroeloffs/2024/09/27/hurricane-helene-remnants-hit-kentucky-as-at-least-41-dead-in-its-wake-heres-what-to-know/,Forbes,2024-09-27,A man walks near a flooded area near the Swannanoa river in Asheville North Carolina on Friday.,https://specials-images.forbesimg.com/imageserve/6487561380bb7d9077f4b945/400x0.jpg?cropX1=0&cropX2=400&cropY1=0&cropY2=400,29.9469,-83.5803
Asheville,North Carolina,Flooding,Mandatory evacuations were ordered in Asheville and McDowell counties in North Carolina as rivers and reservoirs are expected to swell from heavy rainfall.,https://www.forbes.com/sites/maryroeloffs/2024/09/27/hurricane-helene-remnants-hit-kentucky-as-at-least-41-dead-in-its-wake-heres-what-to-know/,Forbes,2024-09-27,A man walks near a flooded area near the Swannanoa river in Asheville North Carolina on Friday.,https://specials-images.forbesimg.com/imageserve/6487561380bb7d9077f4b945/400x0.jpg?cropX1=0&cropX2=400&cropY1=0&cropY2=400,35.5951,-82.5515
Louisville,Kentucky,Flooding,The center of Helene which became post-tropical Friday afternoon was located about 50 miles south-southeast of Louisville Kentucky as of 5 p.m. EDT on Friday.,https://www.forbes.com/sites/maryroeloffs/2024/09/27/hurricane-helene-remnants-hit-kentucky-as-at-least-41-dead-in-its-wake-heres-what-to-know/,Forbes,2024-09-27,A man walks near a flooded area near the Swannanoa river in Asheville North Carolina on Friday.,https://specials-images.forbesimg.com/imageserve/6487561380bb7d9077f4b945/400x0.jpg?cropX1=0&cropX2=400&cropY1=0&cropY2=400,38.2527,-85.7585
Tallahassee,Florida,Hurricane,Tallahassee prepares for 'historic event' as Helene closes in on Florida. Helene was forecast to become a dangerous Category 4 hurricane before it makes landfall in Florida's Big Bend area Thursday night. It could bring winds in excess of 130 mph life-threatening storm surge and flooding.,https://www.nbcnews.com/news/us-news/tallahassee-prepares-historic-event-helene-closes-florida-rcna172558,NBC News,2024-09-25,Pamela Andrews bags sand in preparation for possible flooding as Hurricane Helene heads toward the Florida Gulf Coast in Tallahassee on Wednesday.,https://media-cldnry.s-nbcnews.com/image/upload/t_fit-760wf_autoq_auto:best/rockcms/2024-09/240925-helene-tallahassee-prep-sand-bags-se-10127a-ab18c5.jpg,30.4518,-84.2727
Quincy,Florida,Evacuation,Leslie Powell 37 was getting ready to evacuate her mobile home in Quincy a city in Gadsden County about 25 miles northwest of Tallahassee with her 8-month-old baby and her 6-year-old daughter Wednesday afternoon.,https://www.nbcnews.com/news/us-news/tallahassee-prepares-historic-event-helene-closes-florida-rcna172558,NBC News,2024-09-25,Leslie Powell 37 was getting ready to evacuate her mobile home in Quincy a city in Gadsden County about 25 miles northwest of Tallahassee with her 8-month-old baby and her 6-year-old daughter Wednesday afternoon.,,30.5876,-84.5794
Tallahassee,Florida,Preparation,Leroy Peck 66 was among the many who spent part of the day shoveling sand into bags in a parking lot outside a community center. He had already filled his cars with gas and made a grocery run.,https://www.nbcnews.com/news/us-news/tallahassee-prepares-historic-event-helene-closes-florida-rcna172558,NBC News,2024-09-25,Leroy Peck 66 had already filled his cars with gas and made a grocery run.,https://media-cldnry.s-nbcnews.com/image/upload/t_fit-760wf_autoq_auto:best/rockcms/2024-09/240925-Hurricane-Helene-prep-sand-bags-Leroy-Peck-se-551p-cf9abb.jpg,30.4518,-84.2727
Tallahassee,Florida,Power Outage,Hurricane Helene brought dangerous storm surge high winds and flooding rain to Florida causing thousands to lose power. The hardest hit counties were Taylor Dixie Suwannee and Madison with nearly all customers without power.,https://www.tallahassee.com/story/news/hurricane/2024/09/26/power-outage-map-tallahassee-leon-county-hurricane-helene-florida/75365911007/,Tallahassee Democrat,2024-09-26,Hurricane Helene power outage map,https://data.tallahassee.com/national-power-outage-map-tracker/area/florida/12/,30.4518,-84.2727
Tallahassee,Florida,Hurricane,Hurricane Helene is expected to make landfall in Florida as a category 4 major hurricane with winds gusts up to 161mph (260 km/h). The city of Tallahassee is expected to see widespread damage.,https://www.bbc.com/weather/articles/c148x13np55o,BBC,2024-09-26,Satellite image showing a huge swirl of cloud in the Gulf of Mexico with the coast of the US outlined,https://ichef.bbci.co.uk/ace/standard/1552/cpsprodpb/80ae/live/e0eb27a0-7bd6-11ef-8e06-33f61633f6a9.png,30.4518,-84.2727
Big Bend,Florida,Storm Surge,The Big Bend area of Florida is expected to see a storm surge of up to 20ft (6m) of water inundating land.,https://www.bbc.com/weather/articles/c148x13np55o,BBC,2024-09-26,BBC Weather map of the Gulf of Mexico with a satellite image of Hurricane Helene and its expected track,https://ichef.bbci.co.uk/ace/standard/1056/cpsprodpb/a223/live/961ad260-7bd7-11ef-8e06-33f61633f6a9.png,29.7333,-84.3667
Atlanta,Georgia,School Closures,All public schools in Atlanta will close on Thursday and Friday due to the storm.,https://www.bbc.com/weather/articles/c148x13np55o,BBC,2024-09-26,,,33.7489,-84.3879
Florida,Florida,Hurricane,Hurricane Helene is expected to make landfall in Florida as a potentially catastrophic Category 4 storm as thousands of residents are racing against the clock to evacuate.,https://www.today.com/video/hurricane-helene-gathers-strength-where-it-s-headed-220189253906,TODAY,2024-09-26,Hurricane Helene intensifies as it takes aim at Florida,https://media-cldnry.s-nbcnews.com/image/upload/t_focal-760x428f_autoq_auto:best/mpx/2704722219/2024_09/1727349328277_tdy_news_7a_llamas_al_wx_helene_240926_1920x1080-5vxf77.jpg,27.6648,-81.5158
Augusta,Georgia,Power Outage,More than 220000 people remain without power 24 hours after Hurricane Helene's arrival in the Augusta area.,https://www.augustachronicle.com/story/news/local/2024/09/26/hurricane-helene-live-blog-augusta-weather-forecast-closures/75389029007/,The Augusta Chronicle,2024-09-27,Power Outage in Augusta,https://www.augustachronicle.com/story/news/local/2024/09/26/hurricane-helene-live-blog-augusta-weather-forecast-closures/75389029007/,33.4701,-81.9749
Aiken,South Carolina,Power Outage,More than 55000 Aiken County residents were without power as of 5:45 p.m. Friday according to Dominion Energy's outage map.,https://www.augustachronicle.com/story/news/local/2024/09/26/hurricane-helene-live-blog-augusta-weather-forecast-closures/75389029007/,The Augusta Chronicle,2024-09-27,Power Outage in Aiken,https://www.augustachronicle.com/story/news/local/2024/09/26/hurricane-helene-live-blog-augusta-weather-forecast-closures/75389029007/,33.5607,-81.7193
Columbia,South Carolina,Power Outage,More than 65000 Columbia County residents were without power as of 5:45 p.m. Friday according to Georgia Power's outage map.,https://www.augustachronicle.com/story/news/local/2024/09/26/hurricane-helene-live-blog-augusta-weather-forecast-closures/75389029007/,The Augusta Chronicle,2024-09-27,Power Outage in Columbia,https://www.augustachronicle.com/story/news/local/2024/09/26/hurricane-helene-live-blog-augusta-weather-forecast-closures/75389029007/,33.9938,-81.0347
Augusta,Georgia,Water Outage,The City of Augusta announced it is distributing water Sunday to Richmond County residents in response to a county-wide water outage.,https://www.augustachronicle.com/story/news/local/2024/09/26/hurricane-helene-live-blog-augusta-weather-forecast-closures/75389029007/,The Augusta Chronicle,2024-09-27,Water Outage in Augusta,https://www.augustachronicle.com/story/news/local/2024/09/26/hurricane-helene-live-blog-augusta-weather-forecast-closures/75389029007/,33.4701,-81.9749
Augusta,Georgia,Flooding,A flash flood warning was issued for Martinez Evans and Grovetown valid through 8 a.m. Friday.,https://www.augustachronicle.com/story/news/local/2024/09/26/hurricane-helene-live-blog-augusta-weather-forecast-closures/75389029007/,The Augusta Chronicle,2024-09-27,Flooding in Augusta,https://www.augustachronicle.com/story/news/local/2024/09/26/hurricane-helene-live-blog-augusta-weather-forecast-closures/75389029007/,33.4701,-81.9749
Augusta,Georgia,Tornado,A tornado watch was issued for Columbia Richmond Burke and Lincoln counties and will remain in effect until 9 p.m. Thursday.,https://www.augustachronicle.com/story/news/local/2024/09/26/hurricane-helene-live-blog-augusta-weather-forecast-closures/75389029007/,The Augusta Chronicle,2024-09-27,Tornado in Augusta,https://www.augustachronicle.com/story/news/local/2024/09/26/hurricane-helene-live-blog-augusta-weather-forecast-closures/75389029007/,33.4701,-81.9749
Florida's Big Bend region,Florida,Hurricane Helene,Hurricane Helene is expected to make landfall today along Florida's Big Bend region. It's forecasted to grow to a Category 4 storm. The entire west coast of Florida is under a storm surge warning and 61 of the state's 67 counties are under a state of emergency.,https://www.npr.org/2024/09/26/nx-s1-5126452/helene-florida-tropical-storm-hurricane,NPR,2024-09-26,Hurricane Helene,https://npr.brightspotcdn.com/dims3/default/strip/false/crop/5217x2935+0+272/resize/1100/quality/50/format/jpeg/?url=http%3A%2F%2Fnpr-brightspot.s3.amazonaws.com%2Fa9%2F97%2Fb5418b1e4bd7af50187f71526bc7%2Fap24270056507745.jpg,29.0000,-82.0000
Florida,Florida,Hurricane,Hurricane Helene is expected to make landfall as a Category 3 hurricane on the eastern part of the Florida Panhandle late Thursday with sustained winds of 115 miles per hour creating the potential for significant disruptions to energy infrastructure.,https://www.eia.gov/todayinenergy/detail.php?id=64104,EIA,2024-09-26,Hurrican Helene's forecast path and nearby energy infrastructure,https://www.eia.gov/todayinenergy/images/2024.09.26/main.svg,30.4582,-84.2727
Orlando,Florida,Theme park closure,Disney World closed some experiences due to Hurricane Helene including Disney's Typhoon Lagoon water park Mickey's Not-So-Scary Halloween Party and miniature golf courses. The storm is expected to make landfall along the Big Bend area on Thursday as a devastating Category 4 with 130-mph winds.,https://abcnews.go.com/US/disney-world-closes-experiences-due-hurricane-helene/story?id=114072762,ABC News,2024-09-26,Cars enter and exit the grounds of Walt Disney World on June 1 2024 in Orlando Florida.,https://i.abcnewsfe.com/a/4dbe8b09-0fec-43d3-a290-e06aff2ad046/disney-world-orlando-01-gty-jef-240926_1727351883479_hpMain_16x9.jpg,28.5383,-81.3792
Perry,Florida,Landfall,Hurricane Helene made landfall in Florida's Big Bend region as a Category 4 storm late Thursday night.,https://www.npr.org/2024/09/27/1127501943/hurricane-helene-florida-georgia-carolinas,NPR,2024-09-26,Hurricane Helene's path inland from Florida,https://npr.brightspotcdn.com/dims3/default/strip/false/crop/2579x1719+0+0/resize/1100/quality/85/format/jpeg/?url=http%3A%2F%2Fnpr-brightspot.s3.amazonaws.com%2F78%2F8b%2Fc7b147b942d9b7792404624e852a%2Fap24271023152113.jpg,30.1167,-83.5833
St. Petersburg,Florida,Flooding,People were splashed by churning surf from Tampa Bay as Hurricane Helene passed offshore.,https://www.npr.org/2024/09/27/1127501943/hurricane-helene-florida-georgia-carolinas,NPR,2024-09-26,People are splashed by churning surf from Tampa Bay,https://npr.brightspotcdn.com/dims3/default/strip/false/crop/5333x4000+0+0/resize/1100/quality/50/format/jpeg/?url=http%3A%2F%2Fnpr-brightspot.s3.amazonaws.com%2F1d%2F86%2Fa76bc733463d822f8f4b3e266e9e%2Fgettyimages-2174692579.jpg,27.7733,-82.6389
Naples,Florida,Flooding,Flooding was reported in Naples with multiple cars washed away and 2 houses damaged.,https://www.npr.org/2024/09/27/1127501943/hurricane-helene-florida-georgia-carolinas,NPR,2024-09-26,Flooding in Naples,,26.1425,-81.7942
Tampa,Florida,Flooding,Flooding was reported in Tampa with multiple cars washed away and 2 houses damaged.,https://www.npr.org/2024/09/27/1127501943/hurricane-helene-florida-georgia-carolinas,NPR,2024-09-26,Flooding in Tampa,,27.9703,-82.4584
Sarasota,Florida,Flooding,Flooding was reported in Sarasota with multiple cars washed away and 2 houses damaged.,https://www.npr.org/2024/09/27/1127501943/hurricane-helene-florida-georgia-carolinas,NPR,2024-09-26,Flooding in Sarasota,,27.3364,-82.5387
St. Pete Beach,Florida,Storm Surge,A man visited St. Pete Beach as Hurricane Helene churned offshore with officials urging residents to heed evacuation orders.,https://www.npr.org/2024/09/27/1127501943/hurricane-helene-florida-georgia-carolinas,NPR,2024-09-26,A man visits St. Pete Beach as Hurricane Helene churns offshore,https://npr.brightspotcdn.com/dims3/default/strip/false/crop/6000x4035+0+0/resize/1100/quality/50/format/jpeg/?url=http%3A%2F%2Fnpr-brightspot.s3.amazonaws.com%2F62%2Fcc%2F9f2e78024e949ed4e137fe26de25%2Fgettyimages-2174636973.jpg,27.7333,-82.7333
Augusta,Georgia,Flooding,The center of the storm lies 100 miles from Augusta with the National Hurricane Center warning of a 'dangerous and life-threatening situation'.,https://www.npr.org/2024/09/27/1127501943/hurricane-helene-florida-georgia-carolinas,NPR,2024-09-26,Flooding in Augusta,,33.4707,-81.9749
Macon,Georgia,Flooding,The center of the storm lies 40 miles from Macon with the National Hurricane Center warning of a 'dangerous and life-threatening situation'.,https://www.npr.org/2024/09/27/1127501943/hurricane-helene-florida-georgia-carolinas,NPR,2024-09-26,Flooding in Macon,,32.8407,-83.6324
Carrabelle,Florida,Storm Surge,Forecasters warn that a 'catastrophic and deadly' storm surge is likely along portions of Florida's Big Bend coast with water reaching as high as 10 to 20 feet in certain areas.,https://www.npr.org/2024/09/27/1127501943/hurricane-helene-florida-georgia-carolinas,NPR,2024-09-26,Storm surge in Carrabelle,,29.8594,-84.6643
Apalachicola,Florida,Storm Surge,Forecasters warn that a 'catastrophic and deadly' storm surge is likely along portions of Florida's Big Bend coast with water reaching as high as 10 to 20 feet in certain areas.,https://www.npr.org/2024/09/27/1127501943/hurricane-helene-florida-georgia-carolinas,NPR,2024-09-26,Storm surge in Apalachicola,,29.7256,-84.9833
Perry,Florida,Landfall,Hurricane Helene plowed ashore in Florida's Big Bend near Perry Fla. as a monster-sized Category 4 storm late Thursday night.,https://www.npr.org/sections/news/2024/09/27/1159981153/how-to-follow-the-latest-local-updates-on-hurricane-helene,NPR,2024-09-27,Flash flood risk over the next three days as Hurricane Helene approaches landfall.,https://npr.brightspotcdn.com/dims3/default/strip/false/crop/892x716+0+0/resize/1100/quality/85/format/gif/?url=http%3A%2F%2Fnpr-brightspot.s3.amazonaws.com%2F1f%2F3d%2F386330de46a9b4ad3e001797018c%2F093133wpcero-sm.gif,30.1167,-83.5833
Tallahassee,Florida,Waffle House closures,Waffle House closed all of its Tallahassee locations and nearby Crawfordville location due to predictions that Hurricane Helene will make landfall Thursday evening along Florida's northwest coast.,https://www.usatoday.com/story/news/nation/2024/09/26/what-is-waffle-house-index-hurricane-helene/75389877007/,USA TODAY,2024-09-26,Waffle House closes Tallahassee-area locations as Hurricane Helene approaches Florida,https://www.usatoday.com/gcdn/authoring/authoring-images/2024/09/26/USAT/75389878007-usatsi-22706589.jpg,30.4518,-84.2727
Tallahassee,Florida,Hurricane,Hurricane Helene is expected to make landfall in the Big Bend area of Florida with storm surge predictions of 20 feet plus. Residents are advised to evacuate immediately.,https://www.tallahassee.com/story/news/hurricane/2024/09/26/hurricane-helene-impacts-tracker-live-updates-fr,Tallahassee Democrat,2024-09-26,Hurricane Helene approaches the Big Bend area of Florida,https://www.tallahassee.com/story/news/hurricane/2024/09/26/hurricane-helene-impacts-tracker-live-updates-fr,30.4518,-84.2727
Tallahassee,Florida,Landfall,Hurricane Helene is expected to make landfall in the Big Bend area of Florida near Tallahassee and Florida State University on Thursday Sept. 26 2024. The storm is expected to bring life-threatening storm surge and damaging hurricane-force winds along the coast of the Panhandle and Florida's Gulf Coast.,https://www.floridatoday.com/story/news/2024/09/26/what-time-helene-landfall-florida-track-path/75391450007/,Florida Today,2024-09-26,Hurricane Helene track,https://www.floridatoday.com/gcdn/authoring/authoring-images/2024/09/26/PTCN/75389041007-nws-rain-sept-2629-2024.gif,30.4513,-84.2727
Apalachicola,Florida,Landfall,According to AccuWeather landfall may be near Apalachicola Florida between 9 and 11 p.m.,https://www.floridatoday.com/story/news/2024/09/26/what-time-helene-landfall-florida-track-path/75391450007/,Florida Today,2024-09-26,Hurricane Helene track,https://www.floridatoday.com/gcdn/authoring/authoring-images/2024/09/26/PTCN/75389041007-nws-rain-sept-2629-2024.gif,29.7233,-84.9833
Tampa,Florida,Hurricane,Hurricane Helene is forecast to make landfall late Thursday evening over Florida's Big Bend region of its eastern coast. The storm will hit land as a major hurricane but NOAA's National Weather Service is alerting communities that Helene's flooding rainfall and high winds won't be limited to the Gulf Coast and are expected to travel hundreds of miles inland.,https://www.space.com/hurricane-helene-video-from-space-station-nasa-livestream,Space.com,2024-09-26,Hurricane Helene seen from above by cameras on the International Space Station on Sept. 26 2024.,https://cdn.mos.cms.futurecdn.net/GVtiDFwowhcvZSgoTMQNV7-320-80.jpg,27.9703,-82.4584
Tampa,Florida,Hurricane,Hurricane Helene is expected to make landfall in Florida on Thursday evening bringing intense winds and flooding to the southeastern U.S.,https://www.space.com/hurricane-helene-satellite-footage-florida,Space.com,2024-09-26,Satellite images show Hurricane Helene gaining strength before Florida landfall,https://cdn.mos.cms.futurecdn.net/WxXTxbsFshEprmd6oKikAC-320-80.gif,27.9703,-82.4526
St. Pete Beach,Florida,Flooding,Waves from the Gulf of Mexico pushed up against the shore as Hurricane Helene churned offshore near St. Pete Beach Florida.,https://grist.org/extreme-weather/hurricane-helene-florida-climate-change-rapid-intensification/,Grist,2024-09-26,Waves from the Gulf of Mexico push up against the shore as Hurricane Helene churns offshore near St. Pete Beach Florida on September 26 2024.,https://grist.org/wp-content/uploads/2024/09/Ocean-Hurricane-Helene.jpg?quality=75&strip=all,27.7233,-82.7431
Pinellas Park,Florida,Flooding,Residents filled sandbags at Helen Howarth Park in Pinellas Park Florida ahead of the arrival of Hurricane Helene.,https://grist.org/extreme-weather/hurricane-helene-florida-climate-change-rapid-intensification/,Grist,2024-09-26,Residents fill sandbags at Helen Howarth Park in Pinellas Park Florida ahead of the arrival of Hurricane Helene.,https://grist.org/wp-content/uploads/2024/09/Sandbags-Hurricane-Helene.jpg?quality=75&strip=all,27.8433,-82.6972
Treasure Island,Florida,Flooding,A flooded house in Treasure Island Florida ahead of Hurricane Helene. The hurricane brought tidal storm surge to St. Petersburg hours before making landfall in Florida.,https://grist.org/extreme-weather/hurricane-helene-florida-climate-change-rapid-intensification/,Grist,2024-09-26,A flooded house in Treasure Island Florida ahead of Hurricane Helene. The hurricane brought tidal storm surge to St. Petersburg hours before landfall.,https://grist.org/wp-content/uploads/2024/09/Flooded-house-St-Pete-Beach.jpg?quality=75&strip=all,27.7694,-82.7681
Tampa,Florida,Hurricane,Hurricane Helene is forecast to make landfall late Thursday evening over Florida's Big Bend region of its eastern coast. The storm will hit land as a major hurricane but NOAA's National Weather Service is alerting communities that Helene's flooding rainfall and high winds won't be limited to the Gulf Coast and are expected to travel hundreds of miles inland.,https://www.space.com/hurricane-helene-video-from-space-station-nasa-livestream,Space.com,2024-09-26,Hurricane Helene seen from above by cameras on the International Space Station on Sept. 26 2024.,https://cdn.mos.cms.futurecdn.net/GVtiDFwowhcvZSgoTMQNV7-320-80.jpg,27.9703,-82.4584
Tampa,Florida,Hurricane,Hurricane Helene is expected to make landfall in Florida on Thursday evening bringing intense winds and flooding to the southeastern U.S.,https://www.space.com/hurricane-helene-satellite-footage-florida,Space.com,2024-09-26,Satellite images show Hurricane Helene gaining strength before Florida landfall,https://cdn.mos.cms.futurecdn.net/WxXTxbsFshEprmd6oKikAC-320-80.gif,27.9703,-82.4526
St. Pete Beach,Florida,Flooding,Waves from the Gulf of Mexico pushed up against the shore as Hurricane Helene churned offshore near St. Pete Beach Florida.,https://grist.org/extreme-weather/hurricane-helene-florida-climate-change-rapid-intensification/,Grist,2024-09-26,Waves from the Gulf of Mexico push up against the shore as Hurricane Helene churns offshore near St. Pete Beach Florida on September 26 2024.,https://grist.org/wp-content/uploads/2024/09/Ocean-Hurricane-Helene.jpg?quality=75&strip=all,27.7233,-82.7431
Pinellas Park,Florida,Flooding,Residents filled sandbags at Helen Howarth Park in Pinellas Park Florida ahead of the arrival of Hurricane Helene.,https://grist.org/extreme-weather/hurricane-helene-florida-climate-change-rapid-intensification/,Grist,2024-09-26,Residents fill sandbags at Helen Howarth Park in Pinellas Park Florida ahead of the arrival of Hurricane Helene.,https://grist.org/wp-content/uploads/2024/09/Sandbags-Hurricane-Helene.jpg?quality=75&strip=all,27.8433,-82.6972
Treasure Island,Florida,Flooding,A flooded house in Treasure Island Florida ahead of Hurricane Helene. The hurricane brought tidal storm surge to St. Petersburg hours before making landfall in Florida.,https://grist.org/extreme-weather/hurricane-helene-florida-climate-change-rapid-intensification/,Grist,2024-09-26,A flooded house in Treasure Island Florida ahead of Hurricane Helene. The hurricane brought tidal storm surge to St. Petersburg hours before landfall.,https://grist.org/wp-content/uploads/2024/09/Flooded-house-St-Pete-Beach.jpg?quality=75&strip=all,27.7694,-82.7681
Tampa,Florida,Hurricane Preparation,Tampa is preparing for Hurricane Helene with the city appearing eerily empty as the storm approaches.,https://www.breitbart.com/weather/2024/09/26/ron-desantis-tens-thousands-linemen-ready-hurricane-helene/,Breitbart,2024-09-26,Tampa Prepares for Hurricane Helene,https://media.breitbart.com/media/2024/09/GettyImages-2173734758-640x480.jpg,27.9709,-82.4584
Cancun,,Hurricane Damage,Hurricane Helene has ravaged the beach in Cancun causing damage and destruction.,https://www.breitbart.com/weather/2024/09/26/ron-desantis-tens-thousands-linemen-ready-hurricane-helene/,Breitbart,2024-09-26,Hurricane Helene Ravages Beach in Cancun,https://media.breitbart.com/media/2024/09/GettyImages-2173734758-640x480.jpg,21.1743,-86.8466
Tampa,Florida,Airport Closure,Tampa International Airport suspended all commercial and cargo operations at 2 a.m. Thursday and will remain closed to the public until damage assessments are completed after the storm.,https://abcnews.go.com/US/hurricane-helene-prompts-mass-travel-changes-airlines-cruises/story?id=113931821,ABC News,2024-09-26,Tampa International Airport,https://i.abcnewsfe.com/a/bbf9c6af-4ebe-41a2-a7e6-da972f5cccca/sarasota-gty-er-240926_1727366161957_hpEmbed_5x4.jpg,27.9797,-82.5343
Tallahassee,Florida,Airport Closure,Tallahassee International Airport has closed and officials said it will be closed to the public until damage assessments are completed after the hurricane.,https://abcnews.go.com/US/hurricane-helene-prompts-mass-travel-changes-airlines-cruises/story?id=113931821,ABC News,2024-09-26,Tallahassee International Airport,https://i.abcnewsfe.com/a/bbf9c6af-4ebe-41a2-a7e6-da972f5cccca/sarasota-gty-er-240926_1727366161957_hpEmbed_5x4.jpg,30.3967,-84.3503
St. Pete Beach,Florida,Flooding,Waves from the Gulf of Mexico crash on shore as Hurricane Helene churns offshore on September 26 2024 in St. Pete Beach Florida.,https://abcnews.go.com/US/hurricane-helene-prompts-mass-travel-changes-airlines-cruises/story?id=113931821,ABC News,2024-09-26,Waves from the Gulf of Mexico crash on shore as Hurricane Helene churns offshore,https://i.abcnewsfe.com/a/525ca774-330f-419f-88a2-62bc9f67c4d2/helene-coastal-waters-gty-jef-240926_1727370661013_hpMain_16x9.jpg,27.7367,-82.7433
Port Canaveral,Florida,Port Closure,Port Canaveral has closed as a result of the inclement weather.,https://abcnews.go.com/US/hurricane-helene-prompts-mass-travel-changes-airlines-cruises/story?id=113931821,ABC News,2024-09-26,Port Canaveral,https://i.abcnewsfe.com/a/ab03e6f2-41f9-4c56-9b5b-173e3038b5c4/cruise-gty-er-240926_1727366552667_hpEmbed_16x9.jpg,28.4167,-80.6333
Perry,Florida,Hurricane Landfall,Hurricane Helene made landfall as a Category 4 storm on Thursday near the city of Perry in Florida's Big Bend area.,https://www.forbes.com/sites/maryroeloffs/2024/09/27/hurricane-helene-remnants-hit-kentucky-as-at-least-41-dead-in-its-wake-heres-what-to-know/,Forbes,2024-09-27,A man walks near a flooded area near the Swannanoa river in Asheville North Carolina on Friday.,https://specials-images.forbesimg.com/imageserve/6487561380bb7d9077f4b945/400x0.jpg?cropX1=0&cropX2=400&cropY1=0&cropY2=400,29.9803,-83.5803
Asheville,North Carolina,Flooding,Flash flood emergencies are in effect for about 1.1 million people in upstate South Carolina and western North Carolina as well as parts of Virginia and Tennessee.,https://www.forbes.com/sites/maryroeloffs/2024/09/27/hurricane-helene-remnants-hit-kentucky-as-at-least-41-dead-in-its-wake-heres-what-to-know/,Forbes,2024-09-27,A man walks near a flooded area near the Swannanoa river in Asheville North Carolina on Friday.,https://specials-images.forbesimg.com/imageserve/6487561380bb7d9077f4b945/400x0.jpg?cropX1=0&cropX2=400&cropY1=0&cropY2=400,35.5951,-82.5515
Louisville,Kentucky,Post-Tropical Storm,The center of Helene which became post-tropical Friday afternoon was located about 50 miles south-southeast of Louisville Kentucky as of 5 p.m. EDT on Friday.,https://www.forbes.com/sites/maryroeloffs/2024/09/27/hurricane-helene-remnants-hit-kentucky-as-at-least-41-dead-in-its-wake-heres-what-to-know/,Forbes,2024-09-27,A man walks near a flooded area near the Swannanoa river in Asheville North Carolina on Friday.,https://specials-images.forbesimg.com/imageserve/6487561380bb7d9077f4b945/400x0.jpg?cropX1=0&cropX2=400&cropY1=0&cropY2=400,38.2527,-85.7585
Port Canaveral,Florida,Hurricane Helene,Hurricane Helene is expected to make landfall in the Florida panhandle in the evening on Thursday September 26th 2024. The hurricane is forecasted to bring severe weather including heavy rain strong winds flooding and possible tornadoes.,https://allears.net/2024/09/26/disney-cruise-line-notifies-passengers-of-hurricane-helene-impact/,AllEars.Net,2024-09-26,Disney Wish Cruise Ship,https://allears.net/wp-content/uploads/2022/06/2022-wdw-dcl-disney-cruise-line-disney-wish-media-preview-event-top-deck-700x525.jpg,28.4032,-80.6077
Florida,Florida,Hurricane,Hurricane Helene is barreling toward Florida's coast with a predicted storm surge of up to 20 feet above normal sea level. The storm is expected to make landfall Thursday night or Friday morning with hurricane-force winds extending up to 60 miles from its center.,https://www.livescience.com/planet-earth/hurricanes/people-should-not-be-there-unsurvivable-20-foot-storm-surge-predicted-as-ferocious-hurricane-helene-heads-to-florida,Live Science,2024-09-26,A satellite image of Hurricane Helene in the Gulf of Mexico,https://cdn.mos.cms.futurecdn.net/BQPqribqTzqiQiVfX3HrT4-320-80.jpg,27.6648,-81.5158
Apalachee Bay,Florida,Storm Surge,A catastrophic and deadly storm surge is likely along portions of the Florida Big Bend coast with inundation reaching as high as 20 feet above ground level.,https://www.livescience.com/planet-earth/hurricanes/people-should-not-be-there-unsurvivable-20-foot-storm-surge-predicted-as-ferocious-hurricane-helene-heads-to-florida,Live Science,2024-09-26,Residents fill sandbags at Helen Howarth Park in Pinellas Park Florida,https://cdn.mos.cms.futurecdn.net/HyQuvw97JRKeAhJVr3yeck-320-80.jpg,29.7233,-84.3877
Port Canaveral,Florida,Hurricane Helene,The Disney Wish warned that it is making operational adjustments as a result of Hurricane Helene that could delay when the cruise ship makes port. The U.S. Coast Guard is planning to close Port Canaveral and the Disney Wish will arrive into Port Canaveral on Friday September 27 later than originally scheduled.,https://www.disneyfoodblog.com/2024/09/26/disney-cruise-line-warns-passengers-of-possible-delays-due-to-hurricane-helene/,Disney Food Blog,2024-09-27,Disney Wish docked at Castaway Cay,https://www.disneyfoodblog.com/wp-content/uploads/2022/07/2022-dcl-wish-disney-cruise-line-ship-stock-atmos-castaway-cay-docked.jpg,28.4033,-80.6077
Louisville,Kentucky,Heavy Rain and Wind,Hurricane Helene's remnants will bring heavy rain and wind to the Louisville area on Friday. The National Weather Service predicts 2.5-4.5 inches of rainfall through Sunday with strong gusts of wind at speeds of 40-50 mph. Minor flooding is likely and the possibility of flash flooding is on the table.,https://www.courier-journal.com/story/weather/2024/09/26/hurricane-helene-to-bring-heavy-rain-win-to-louisville-on-friday/75397559007/,Courier Journal,2024-09-26,Heavy rain and wind expected in Louisville,https://www.courier-journal.com/gcdn/authoring/authoring-images/2024/09/26/PLOU/75399034007-154002-wpcqpf-sm.gif,38.2527,-85.7585
Tampa,Florida,Hurricane,Hurricane Helene is expected to make landfall in Florida on Thursday evening with sustained wind speeds of 125 mph and 'unsurvivable' storm surges along the coastline.,https://sputnikglobe.com/20240926/dangerous-hurricane-helene-set-to-slam-florida-with-unsurvivable-storm-surges--1120305647.html,Sputnik International,2024-09-26,This satellite image provided by NOAA shows Hurricane Helene advancing across the Gulf of Mexico toward Florida on Thursday Sept. 26 2024.,https://cdn1.img.sputnikglobe.com/img/07e8/09/1a/1120305303_0:875:2086:2048_1920x0_80_0_0_6fd62e7269c3b04ea2da375f97dac754.jpg,27.9700,-82.4500
Tallahassee,Florida,Hurricane,Hurricane Helene is expected to make landfall in Florida on Thursday evening with sustained wind speeds of 125 mph and 'unsurvivable' storm surges along the coastline.,https://sputnikglobe.com/20240926/dangerous-hurricane-helene-set-to-slam-florida-with-unsurvivable-storm-surges--1120305647.html,Sputnik International,2024-09-26,This satellite image provided by NOAA shows Hurricane Helene advancing across the Gulf of Mexico toward Florida on Thursday Sept. 26 2024.,https://cdn1.img.sputnikglobe.com/img/07e8/09/1a/1120305303_0:875:2086:2048_1920x0_80_0_0_6fd62e7269c3b04ea2da375f97dac754.jpg,30.4500,-84.2800
Perry,Florida,Hurricane Landfall,Hurricane Helene made landfall at around 11:10 p.m. EDT on Thursday near the city of Perry in Florida's Big Bend area.,https://www.forbes.com/sites/maryroeloffs/2024/09/27/hurricane-helene-remnants-hit-kentucky-as-at-least-41-dead-in-its-wake-heres-what-to-know/,Forbes,2024-09-27,A man walks near a flooded area near the Swannanoa river in Asheville North Carolina on Friday.,https://specials-images.forbesimg.com/imageserve/6487561380bb7d9077f4b945/400x0.jpg?cropX1=0&cropX2=400&cropY1=0&cropY2=400,29.9469,-83.5803
Asheville,North Carolina,Flooding,Mandatory evacuations were ordered in Asheville and McDowell counties in North Carolina as rivers and reservoirs are expected to swell from heavy rainfall.,https://www.forbes.com/sites/maryroeloffs/2024/09/27/hurricane-helene-remnants-hit-kentucky-as-at-least-41-dead-in-its-wake-heres-what-to-know/,Forbes,2024-09-27,A man walks near a flooded area near the Swannanoa river in Asheville North Carolina on Friday.,https://specials-images.forbesimg.com/imageserve/6487561380bb7d9077f4b945/400x0.jpg?cropX1=0&cropX2=400&cropY1=0&cropY2=400,35.5951,-82.5515
Louisville,Kentucky,Flooding,The center of Helene which became post-tropical Friday afternoon was located about 50 miles south-southeast of Louisville Kentucky as of 5 p.m. EDT on Friday.,https://www.forbes.com/sites/maryroeloffs/2024/09/27/hurricane-helene-remnants-hit-kentucky-as-at-least-41-dead-in-its-wake-heres-what-to-know/,Forbes,2024-09-27,A man walks near a flooded area near the Swannanoa river in Asheville North Carolina on Friday.,https://specials-images.forbesimg.com/imageserve/6487561380bb7d9077f4b945/400x0.jpg?cropX1=0&cropX2=400&cropY1=0&cropY2=400,38.2527,-85.7585
Asheville,North Carolina,Flooding,Asheville is already flooded with one animal rescue having to evacuate. The area is expected to receive six more inches of rain which will exacerbate the flooding.,https://www.fark.com/goto/13407620/yaleclimateconnections.org/2024/09/huge-hurricane-helene-accelerates-toward-florida/%3Futm_source%3D,Fark,2024-09-26,Flooding in Asheville,https://www.fark.com/dummyimage/425/670,35.5904,-82.5501
Apalachee Bay,Florida,Storm Surge,The storm surge from Hurricane Helene is expected to cause significant flooding in Apalachee Bay with some areas potentially being inundated with water.,https://www.fark.com/goto/13407620/yaleclimateconnections.org/2024/09/huge-hurricane-helene-accelerates-toward-florida/%3Futm_source%3D,Fark,2024-09-26,Storm Surge in Apalachee Bay,https://www.fark.com/dummyimage/850/481,29.7333,-84.3667
Perry,Florida,Landfall,Hurricane Helene made landfall in Florida's Big Bend as a major Category 4 storm with 140 mph winds bringing devastation to the area.,https://www.orlandosentinel.com/2024/09/26/hurricane-helene-strengthens-targets-florida-with-catastrophic-wind-surge-threat/,Orlando Sentinel,2024-09-26,Hurricane Helene makes landfall in Florida's Big Bend,https://i0.wp.com/www.orlandosentinel.com/wp-content/uploads/2024/09/helene5am0927.jpg?fit=620%2C9999px&ssl=1,30.1167,-83.5833
Tallahassee,Florida,Storm Surge,Rescue crews were in action along the Gulf Coast for calls from people flooded by storm surge.,https://www.orlandosentinel.com/2024/09/26/hurricane-helene-strengthens-targets-florida-with-catastrophic-wind-surge-threat/,Orlando Sentinel,2024-09-26,Storm surge flooding in Tallahassee,https://i0.wp.com/www.orlandosentinel.com/wp-content/uploads/2024/09/helene5am0927.jpg?fit=620%2C9999px&ssl=1,30.4518,-84.2723
Fort Myers Beach,Florida,Flooding,Flooded streets and shut down bridges were reported in Fort Myers Beach.,https://www.orlandosentinel.com/2024/09/26/hurricane-helene-strengthens-targets-florida-with-catastrophic-wind-surge-threat/,Orlando Sentinel,2024-09-26,Flooding in Fort Myers Beach,https://i0.wp.com/www.orlandosentinel.com/wp-content/uploads/2024/09/helene5am0927.jpg?fit=620%2C9999px&ssl=1,26.4526,-81.9403
Tampa,Florida,Wind Gusts,Wind gusts over 60 mph forced the Florida Highway Patrol to shut down the Sunshine Skyway Bridge across Tampa Bay.,https://www.orlandosentinel.com/2024/09/26/hurricane-helene-strengthens-targets-florida-with-catastrophic-wind-surge-threat/,Orlando Sentinel,2024-09-26,Wind gusts in Tampa,https://i0.wp.com/www.orlandosentinel.com/wp-content/uploads/2024/09/helene5am0927.jpg?fit=620%2C9999px&ssl=1,27.9709,-82.4572
Florida,Florida,Hurricane,Hurricane Helene made landfall in Florida as a Category 4 storm bringing strong winds and heavy rainfall. The storm surge and flooding caused significant damage and disruption across the state.,https://www.vox.com/climate/374794/helene-flooding-hurricane-asheville-carolina,Vox,2024-09-27,Floridians Prepare As Tropical Storm Helene Heads Toward State's Gulf Coast,https://platform.vox.com/wp-content/uploads/sites/2/2024/09/GettyImages-2174700516.jpg,27.6648,-81.5158
Asheville,North Carolina,Flooding,The remnants of Hurricane Helene caused significant flooding in Asheville North Carolina with heavy rainfall and storm surge affecting the city and surrounding areas.,https://www.vox.com/climate/374794/helene-flooding-hurricane-asheville-carolina,Vox,2024-09-27,Flooding in Asheville North Carolina,https://platform.vox.com/wp-content/uploads/sites/2/2024/09/GettyImages-2174700516.jpg,35.5951,-82.5515
Houston,Texas,Flooding,Hurricane Beryl caused significant flooding in Houston Texas with heavy rainfall and storm surge affecting the city and surrounding areas.,https://www.vox.com/climate/360181/climate-hurricane-beryl-blackout-houston-flood,Vox,2024-07-01,Flooding in Houston Texas,https://platform.vox.com/wp-content/uploads/sites/2/2024/07/GettyImages-2174700516.jpg,29.7633,-95.3632
Naples,Florida,Flooding,Downtown Naples is underwater due to Hurricane Helene. Theaters from as far south as Fort Myers Florida to as far north as Tallahassee are shuttered.,https://deadline.com/2024/09/hurricane-helene-movie-theaters-closures-1236100839/,Deadline,2024-09-26,Waves crash against a building ahead of the arrival of Hurricane Helene in Cedar Key FL,https://deadline.com/wp-content/uploads/2024/09/GettyImages-2173776269-e1727394644863.jpg?w=681&h=383&crop=1,26.1420,-81.7942
Perry,Florida,Hurricane Helene,Taylor County Sheriff Wayne Padgett has warned residents who have chosen to ignore evacuation orders to mark themselves with their information so officials can identify them later. The county is expected to take a direct hit from the Category 4 storm with winds reaching up to 125 mph and a storm surge of 18-20 feet.,https://www.nbcnews.com/news/weather/hurricane-helene-landfall-florida-taylor-rcna172953,NBC News,2024-09-26,Hurricane Helene,,30.1167,-83.5833
